ticker,date,headline
AAPL,2025-06-24,Cloud AI Today - Botpress Secures $25M To Enhance AI Agents Infrastructure
AAPL,2025-06-24,Apple's Quiet AI Gambit Raises Eyebrows
AAPL,2025-06-24,Apple's EU Talks Enter Critical Phase
AAPL,2025-06-24,5 Dividend Stocks Poised to Profit From the AI Efficiency Boom
AAPL,2025-06-24,US Finalizing $500 Million for African Critical Minerals Railway
AAPL,2025-06-24,Google faces UK push to loosen its grip on search
AAPL,2025-06-24,Steve Jobs Believed Teamwork Required 'Bumping Up' Each Other Like 'Old Ugly Rocks' — Here's What He Meant
AAPL,2025-06-23,Court filings reveal OpenAI and io’s early work on an AI device
AAPL,2025-06-23,Is Apple Looking To Catch Up In AI With Big Deal?
AAPL,2025-06-23,Apple’s Liquid Glass interface improves with release of iOS 26 Beta 2
AAPL,2025-06-23,"Apple Explores Generative AI to Accelerate Custom Chip Design, Senior VP Reveals"
AAPL,2025-06-23,US stocks aren’t safe in heated global tensions anymore
AAPL,2025-06-23,Ireland Warns Thousands of Jobs at Risk From Pharma Tariffs
AAPL,2025-06-23,"Super Micro, AMD upgrade, Apple & AI: Trending Tickers"
AAPL,2025-06-23,Top Midday Stories: Oil Prices Rise Amid Rising Tensions in Middle East; Novo Nordisk Ends Collaboration With Hims & Hers
AAPL,2025-06-23,ALTO Real Estate Funds Acquires Prime 24-Acre Industrial Site in Austin’s SH-130 Corridor
AAPL,2025-06-23,Tokenized Shares of Solana Treasury Company Defi Dev Coming to Kraken
AAPL,2025-06-23,"Market Chatter: Apple Sued by Shareholders Over Alleged AI Misstatements Tied to Siri, iPhone Sales"
AAPL,2025-06-23,Apple faces shareholder lawsuit over alleged AI misrepresentation
AAPL,2025-06-23,"Move over, Magnificent 7: Goldman Sachs proposes the ‘Prom 10,’ China’s top stocks including Tencent, Alibaba and BYD"
